<?xml version="1.0" encoding="UTF-8" standalone="yes"?>
<addon id="script.tvguideHD" name="[COLOR blue]PLDTV-GUIA-HD[/COLOR]" version="2.1.0.7" provider-name="[COLOR blue]ProyectoLuzDigital[/COLOR]">
    <requires>
        <import addon="xbmc.python" version="2.1.0"/>
        <import addon="script.module.simplejson" version="2.0.10"/>
        <import addon="script.module.elementtree" version="1.2.7"/>
        <import addon="script.module.buggalo" version="1.1.2"/>
    </requires>
    <extension point="xbmc.python.script" library="addon.py"><provides>video</provides></extension>
    <extension point="xbmc.python.script" library="addon.py"/>
    <extension point="xbmc.service" library="service.py" start="login" />
    <extension point="xbmc.addon.metadata">
        <summary lang="es">TV Guide con XMLTV y soporte para streaming</summary>
		<description lang="es">TV Guide ofrece una visión general de lo que hay en la televisión ahora mismo,</description>
        <platform>all</platform>
        <language></language>
        <license>GPLv2</license>
    </extension>
</addon>
