<?xml version="1.0" encoding="UTF-8" standalone="yes"?>
<addon id="plugin.video.live.pld"
       name="[COLOR blue]player.proyectoluzdigital[/COLOR]"
       version="2.3.0.2"
       provider-name="[COLOR blue]player.proyectoluzdigital[/COLOR]">
  <requires>
    <import addon="xbmc.python" version="2.1.0"/>
    <import addon="script.module.beautifulsoup" version="3.2.1"/>
    <import addon="script.module.simple.downloader" version="0.9.4"/>
    <import addon="script.module.beautifulsoup4" />
    <import addon="script.module.requests" />
    <import addon="script.module.httplib2" />
    <import addon="script.module.youtube.dl" optional="true"/>
    <import addon="plugin.video.youtube" optional="true" />
    <import addon="script.module.urlresolver" optional="true"/>
    <import addon="script.module.simplejson" />    
     <import addon="script.module.livestreamer" optional="true"/>
  </requires>
  <extension point="xbmc.python.pluginsource" library="default.py">
    <provides>video</provides>
  </extension>
   <extension point="xbmc.addon.metadata">
     <summary>ProyectoLuz Digital- Muchas Gracias Al Creador Del Addons  Esto Es Solo Una Modificación)</summary>
    <description lang="es"> Reproductor.proyectoluzdigital ofrecido para usted si tiene comentarios o sugerencias para este complemente, no dude en participar en el foro http://proyectoluzdigital.info/[CR]Plugin Modificado Por EL GRUPO PLD</description>
   <description>
       .
	   Disfruten de este contenido totalmente gratis.
        
    </description>
    <platform>all</platform>
  </extension>
</addon>
