<?xml version="1.0" encoding="UTF-8" standalone="yes"?>
<addon id="repository.pld" name="PLD" version="1.0.0" provider-name="PLD">
	<extension point="xbmc.addon.repository" name="PLD">
		<info compressed="false">https://raw.github.com/mmgomez6/PLD/master/addons.xml</info>
		<checksum>https://raw.github.com/mmgomez6/PLD/master/addons.xml.md5</checksum>
		<datadir zip="true">https://raw.github.com/mmgomez6/PLD/master</datadir>
	</extension>
	<extension point="xbmc.addon.metadata">
		<summary>PLD</summary>
   		<description lang="en">PLD</description>
		<disclaimer></disclaimer>
		<platform>all</platform>
	</extension>
</addon>