<?xml version="1.0" encoding="UTF-8"?>
   <Document>
         <!--Created with XmlGrid Free Online XML Editor (http://xmlgrid.net)-->
         <cats>
               <category>Entertainment|(Not)FilmOn|ExPatTV|NTV</category>
               <channel>N3Cr0 TV</channel>
         </cats>
         <cats>
               <category>Entertainment|(Not)FilmOn|ExPatTV|NTV</category>
               <channel>N3Cr0 TV SPORT</channel>
         </cats>
         <cats>
               <category>Entertainment|(Not)FilmOn|ExPatTV|NTV</category>
               <channel>C+ 1</channel>
         </cats>
         <cats>
               <category>Entertainment|(Not)FilmOn|ExPatTV|NTV</category>
               <channel>C+ 2</channel>
         </cats>
         <cats>
               <category>Entertainment|(Not)FilmOn|ExPatTV|NTV</category>
               <channel>C+ Acc</channel>
         </cats>
         <cats>
               <category>Entertainment|(Not)FilmOn|ExPatTV|NTV</category>
               <channel>C+ DCine</channel>
         </cats>
		 <cats>
               <category>Entertainment|(Not)FilmOn|ExPatTV|NTV</category>
               <channel>C+ Comedia</channel>
         </cats>
         <cats>
               <category>Entertainment|(Not)FilmOn|ExPatTV|NTV</category>
               <channel>C+ Series</channel>
         </cats>
         <cats>
               <category>Entertainment|(Not)FilmOn|ExPatTV|NTV</category>
               <channel>AXN</channel>
         </cats>
         <cats>
               <category>Entertainment|(Not)FilmOn|ExPatTV|NTV</category>
               <channel>AXN White</channel>
         </cats>
         <cats>
               <category>Entertainment|(Not)FilmOn|ExPatTV|NTV</category>
               <channel>Paramount Channel</channel>
         </cats>
         <cats>
               <category>Entertainment|(Not)FilmOn|ExPatTV|NTV</category>
               <channel>XTRM</channel>
         </cats>
         <cats>
               <category>Entertainment|(Not)FilmOn|ExPatTV|NTV</category>
               <channel>Syfy</channel>
         </cats>
         <cats>
               <category>Entertainment|(Not)FilmOn|ExPatTV|NTV</category>
               <channel>TCM</channel>
         </cats>
         <cats>
               <category>Entertainment|(Not)FilmOn|ExPatTV|NTV</category>
               <channel>TNT</channel>
         </cats>
         <cats>
               <category>Entertainment|(Not)FilmOn|ExPatTV|NTV</category>
               <channel>Hollywood</channel>
         </cats>
         <cats>
               <category>Entertainment|(Not)FilmOn|ExPatTV|NTV</category>
               <channel>Calle 13</channel>
         </cats>
         <cats>
               <category>Entertainment|(Not)FilmOn|ExPatTV|NTV</category>
               <channel>FOX</channel>
         </cats>
         <cats>
               <category>Entertainment|(Not)FilmOn|ExPatTV|NTV</category>
               <channel>FOX CRIME</channel>
         </cats>
         <cats>
               <category>Entertainment|(Not)FilmOn|ExPatTV|NTV</category>
               <channel>Buzz Rojo</channel>
         </cats>
         <cats>
               <category>Entertainment|(Not)FilmOn|ExPatTV|NTV</category>
               <channel>Cosmo</channel>
         </cats>
         <cats>
               <category>Entertainment|(Not)FilmOn|ExPatTV|NTV</category>
               <channel>C+ Liga</channel>
         </cats>
         <cats>
               <category>Entertainment|(Not)FilmOn|ExPatTV|NTV</category>
               <channel>C+ Deportes</channel>
         </cats>
         <cats>
               <category>Entertainment|(Not)FilmOn|ExPatTV|NTV</category>
               <channel>C+ Deportes2</channel>
         </cats>
         <cats>
               <category>Entertainment|(Not)FilmOn|ExPatTV|NTV</category>
               <channel>C+ Futbol</channel>
         </cats>
         <cats>
               <category>Entertainment|(Not)FilmOn|ExPatTV|NTV</category>
               <channel>Gol TV</channel>
         </cats>
         <cats>
               <category>Entertainment|(Not)FilmOn|ExPatTV|NTV</category>
               <channel>Barca TV</channel>
         </cats>
         <cats>
               <category>Entertainment|(Not)FilmOn|ExPatTV|NTV</category>
               <channel>Real Madrid</channel>
         </cats>
         <cats>
               <category>Entertainment|(Not)FilmOn|ExPatTV|NTV</category>
               <channel>Teledeporte</channel>
         </cats>
         <cats>
               <category>Entertainment|(Not)FilmOn|ExPatTV|NTV</category>
               <channel>Sportmania</channel>
         </cats>
         <cats>
               <category>Entertainment|(Not)FilmOn|ExPatTV|NTV</category>
               <channel>Discovery Channel</channel>
         </cats>
         <cats>
               <category>Entertainment|(Not)FilmOn|ExPatTV|NTV</category>
               <channel>Odisea</channel>
         </cats>
         <cats>
               <category>Entertainment|(Not)FilmOn|ExPatTV|NTV</category>
               <channel>Historia</channel>
         </cats>
         <cats>
               <category>Entertainment|(Not)FilmOn|ExPatTV|NTV</category>
               <channel>National Geographic</channel>
         </cats>
         <cats>
               <category>Entertainment|(Not)FilmOn|ExPatTV|NTV</category>
               <channel>Nat Geo Wild</channel>
         </cats>
         <cats>
               <category>Entertainment|(Not)FilmOn|ExPatTV|NTV</category>
               <channel>Natura</channel>
         </cats>
         <cats>
               <category>Entertainment|(Not)FilmOn|ExPatTV|NTV</category>
               <channel>Clan TVE</channel>
         </cats>
         <cats>
               <category>Entertainment|(Not)FilmOn|ExPatTV|NTV</category>
               <channel>Boing</channel>
         </cats>
         <cats>
               <category>Entertainment|(Not)FilmOn|ExPatTV|NTV</category>
               <channel>Disney Channel</channel>
         </cats>
         <cats>
               <category>Entertainment|(Not)FilmOn|ExPatTV|NTV</category>
               <channel>Disney Junior</channel>
         </cats>
         <cats>
               <category>Entertainment|(Not)FilmOn|ExPatTV|NTV</category>
               <channel>Disney XD</channel>
         </cats>
         <cats>
               <category>Entertainment|(Not)FilmOn|ExPatTV|NTV</category>
               <channel>Nickelodeon</channel>
         </cats>
         <cats>
               <category>Entertainment|(Not)FilmOn|ExPatTV|NTV</category>
               <channel>Nick Junior</channel>
         </cats>
         <cats>
               <category>Entertainment|(Not)FilmOn|ExPatTV|NTV</category>
               <channel>Canal Cocina</channel>
         </cats>
     </Document>
